id,name,title,price,date
2,car,car title,950765,2015-01-01
3,car,car title,566247,2015-01-02
4,food,food title,535975,2015-01-03
5,food,food title,933669,2015-01-04
6,building,building title,695783,2015-01-05
7,bike,bike title,401430,2015-01-06
8,food,food title,487317,2015-01-07
9,car,car title,951632,2015-01-08
10,climbing,climbing title,98897,2015-01-09
11,building,building title,516687,2015-01-10
12,computer,computer title,141016,2015-01-11
13,food,food title,240628,2015-01-12
14,other,other title,524007,2015-01-13
15,climbing,climbing title,776916,2015-01-14
16,other,other title,773112,2015-01-15
17,other,other title,797985,2015-01-16
18,building,building title,539279,2015-01-17
19,food,food title,413530,2015-01-18
20,food,food title,599488,2015-01-19
21,other,other title,411111,2015-01-20
22,other,other title,811673,2015-01-21
23,computer,computer title,655966,2015-01-22
24,car,car title,261808,2015-01-23
25,building,building title,329103,2015-01-24
26,car,car title,84584,2015-01-25
27,food,food title,252238,2015-01-26
28,climbing,climbing title,89325,2015-01-27
29,computer,computer title,599584,2015-01-28
30,food,food title,995625,2015-01-29
31,bike,bike title,706608,2015-01-30
32,food,food title,749954,2015-01-31
33,food,food title,425817,2015-02-01
34,car,car title,549171,2015-02-02
35,computer,computer title,995383,2015-02-03
36,car,car title,234637,2015-02-04
37,computer,computer title,282548,2015-02-05
38,car,car title,841558,2015-02-06
39,bike,bike title,925727,2015-02-07
40,climbing,climbing title,250679,2015-02-08
41,computer,computer title,537725,2015-02-09
42,other,other title,946650,2015-02-10
43,bike,bike title,953868,2015-02-11
44,climbing,climbing title,752812,2015-02-12
45,computer,computer title,633747,2015-02-13
46,building,building title,22994,2015-02-14
47,climbing,climbing title,960559,2015-02-15
48,bike,bike title,652702,2015-02-16
49,food,food title,998808,2015-02-17
50,climbing,climbing title,133038,2015-02-18
51,bike,bike title,86883,2015-02-19
52,bike,bike title,903750,2015-02-20
53,computer,computer title,15884,2015-02-21
54,car,car title,733831,2015-02-22
55,car,car title,905244,2015-02-23
56,car,car title,875749,2015-02-24
57,computer,computer title,38731,2015-02-25
58,other,other title,388857,2015-02-26
59,bike,bike title,897725,2015-02-27
60,car,car title,778169,2015-02-28
61,car,car title,151987,2015-03-01
62,car,car title,675982,2015-03-02 
63,food,food title,65877,2015-03-03
64,car,car title,256131,2015-03-04
65,car,car title,876533,2015-03-05
66,other,other title,350064,2015-03-06
67,climbing,climbing title,251773,2015-03-07
68,building,building title,631811,2015-03-08
69,bike,bike title,32162,2015-03-09
70,car,car title,494779,2015-03-10
71,computer,computer title,759843,2015-03-11
72,computer,computer title,549385,2015-03-12
73,car,car title,923214,2015-03-13
74,car,car title,780156,2015-03-14
75,computer,computer title,209617,2015-03-15
76,climbing,climbing title,278024,2015-03-16
77,building,building title,160670,2015-03-17
78,car,car title,824911,2015-03-18
79,other,other title,620777,2015-03-19
80,bike,bike title,391579,2015-03-20
81,bike,bike title,244378,2015-03-21
82,building,building title,989330,2015-03-22
83,computer,computer title,690714,2015-03-23
84,climbing,climbing title,407759,2015-03-24
85,computer,computer title,39337,2015-03-25
86,building,building title,128784, 2015-03-26
87,food,food title,762326,2015-03-27
88,food,food title,538459,2015-03-28
89,bike,bike title,611205,2015-03-29
90,computer,computer title,648900,2015-03-30
91,climbing,climbing title,891581,2015-03-31
92,building,building title,115723,2015-04-01
93,car,car title,182929,2015-04-02
94,food,food title,659178,2015-04-03
95,computer,computer title,463911,2015-04-04
96,climbing,climbing title,527872,2015-04-05
97,climbing,climbing title,75530,2015-04-06
98,bike,bike title,339905,2015-04-07
99,food,food title,986622,2015-04-08
100,building,building title,257722,2015-04-09
